序号,链接,节点数
0,https://V1UnPC.mcsslk.xyz/fa6f4fcceed24dbf135e0fa76da60523,0
1,https://VWkM5r.absslk.xyz/6ea7a45937d6ce906976c87fa57e74f8,0
2,https://gist.githubusercontent.com/peasoft/40b87245630092f30cc98af61190b4e2/raw/,10
3,https://image.fakeyou.top/031d02ac-f9b0-4f7b-9495-3341f618c361.txt,184
4,https://raw.githubusercontent.com/Huibq/TrojanLinks/master/links/vmess,0
5,https://raw.githubusercontent.com/Surfboardv2ray/TGParse/main/python/hy2,0
6,https://raw.githubusercontent.com/Surfboardv2ray/TGParse/main/python/hysteria2,38
7,https://raw.githubusercontent.com/ripaojiedian/freenode/main/clash,17
8,https://raw.githubusercontent.com/ripaojiedian/freenode/main/sub,17
9,https://raw.githubusercontent.com/zhangkaiitugithub/passcro/main/speednodes.yaml,30

总计,,250
